{"cameraMode":{"drawMode":0,"name":"Shaded","section":"Shading Mode"},"sceneLighting":false,"audioPlay":false,"sceneViewState":{"m_AlwaysRefresh":false,"showFog":true,"showSkybox":false,"showFlares":true,"showImageEffects":true,"showParticleSystems":true,"showVisualEffectGraphs":true,"m_FxEnabled":true},"in2DMode":false,"pivot":{"x":-0.019114255905151368,"y":0.0368802547454834,"z":-0.00019979476928710938},"rotation":{"x":-0.2761469781398773,"y":-0.5170446038246155,"z":0.18073861300945283,"w":-0.789883553981781},"size":6.353501319885254,"orthographic":false}