{"cameraMode":{"drawMode":0,"name":"Shaded","section":"Shading Mode"},"sceneLighting":false,"audioPlay":false,"sceneViewState":{"m_AlwaysRefresh":false,"showFog":true,"showSkybox":false,"showFlares":true,"showImageEffects":true,"showParticleSystems":true,"showVisualEffectGraphs":true,"m_FxEnabled":true},"in2DMode":false,"pivot":{"x":505.0901794433594,"y":224.66265869140626,"z":-15.0977783203125},"rotation":{"x":-0.012309761717915535,"y":0.0005977286491543055,"z":-0.000019480814444250427,"w":-0.9999709725379944},"size":909.1527709960938,"orthographic":false}