{"cameraMode":{"drawMode":0,"name":"Shaded","section":"Shading Mode"},"sceneLighting":false,"audioPlay":false,"sceneViewState":{"m_AlwaysRefresh":false,"showFog":true,"showSkybox":false,"showFlares":true,"showImageEffects":true,"showParticleSystems":true,"showVisualEffectGraphs":true,"m_FxEnabled":true},"in2DMode":false,"pivot":{"x":-0.027028262615203859,"y":1.3028981685638428,"z":0.11508029699325562},"rotation":{"x":-0.06549428403377533,"y":-0.6965306401252747,"z":0.06416726112365723,"w":-0.7117652893066406},"size":3.465386390686035,"orthographic":false}